City,State
Chennai,Tamil Nadu
Mluru,Unknown
Aduvassery,Unknown
Kochi,Kerala
Bluru,Unknown
Ahmbad,Unknown
Adur,Unknown
Kottayam,Kerala
Namakkal,Tamil Nadu
Worli Mumbai,Maharashtra
Pondicheri,Unknown
Mumbai,Maharashtra
Idukki,Kerala
Kollem,Unknown
Trissur,Unknown
Betal Betim Goa,Goa
Gandhi Ngr,Unknown
Calicut,Unknown
Erode,Tamil Nadu
Shimoga,Karnataka
Pune,Maharashtra
Trivandrum,Kerala
Vadakara Calicut,Kerala
Kannur,Kerala
Hyderabad,Telangana
Gurgaon,Haryana
Eranakulam,Unknown
Tirichirapalli,Unknown
Kolhapur,Maharashtra
Visakhapatnam,Andhra Pradesh
,Unknown
Mlore,Unknown
Tirupur,Tamil Nadu
Belgaum,Karnataka
Tiruchirappalli,Tamil Nadu
Edapal,Kerala
Mysuru,Unknown
Kollam,Kerala
Adoor,Unknown
Nyveli,Unknown
Sirsi,Karnataka
Varkala,Unknown
Hyderabad,Telangana
Mavoor Calicut,Unknown
Palakkad,Kerala
Penanani,Unknown
Madurai,Tamil Nadu
Bokaro,Jharkhand
Cherthala,Kerala
Sec,Unknown
Tenkasi,Tamil Nadu
Chidambaram Tamil Nadu,Unknown
Bluru,Unknown
Selvaraj,Unknown
BNettur Tiruchirappalli,Tamil Nadu
Irinjalakuda,Unknown
Kalyan,Maharashtra
Guruvayur,Kerala
Eluru,Andhra Pradesh
Blore,Unknown
Sangli,Maharashtra
Dindakal Tamil Nadu,Unknown
Neyakappi village Tamil Nadu,Unknown
Kovilpatti,Tamil Nadu
Vipin Island,Unknown
Yamunanagar,Haryana
Trichur,Unknown
Bgm,Unknown
Coimbatore,Tamil Nadu
Aluva,Unknown
Greater Noida,Uttar Pradesh
Mavalikara,Unknown
Narikode,Unknown
Thodupuza,Unknown
Tenali,Andhra Pradesh
Tirchur,Unknown
Malappuram,Kerala
Vaikom Kottayam,Kerala
Karunagapally,Kerala
Edapal,Kerala
Udmalpet,Unknown
Aurangabad,Maharashtra
Ahamad Ngr,Unknown
Shringeri,Karnataka
Manipal,Unknown
Goa,Goa
Rajapalayam,Tamil Nadu
Krishnagiri,Unknown
Alleppy,Unknown
Ramanathpura,Unknown
Warangal,Telangana
Surat,Gujarat
Udumalpet,Unknown
Thodupuzha,Kerala
Palacheri,Unknown
Sec,Unknown
Udamalpet,Unknown
Yamanagar Har,Unknown
Guntur,Andhra Pradesh
Waynad,Unknown
Wayanad,Kerala
Navi Mumbaiai,Maharashtra
Lonawala,Unknown
New Delhi,Delhi
Mysore,Unknown
Noida,Uttar Pradesh
Chandapur,Unknown
Rajkot,Gujarat
Pavunjur,Unknown
Udumalpet Tamil Nadu,Unknown
Vaizak,Unknown
Patan Guj,Gujarat
Vijaywada,Unknown
Sultan Bathery,Unknown
Gudalur,Unknown
NDelhi,Delhi
Bhuvaneshwar,Unknown
Ambasamudram,Tamil Nadu
Newasa,Unknown
Egattur Tamil Nadu,Unknown
Mandya,Karnataka
Ratlam,Madhya Pradesh
B luru,Unknown
Polachi,Unknown
Kumbla Kasargod,Kerala
Alwe,Unknown
Cdurga,Unknown
Coimb,Unknown
Kasargod,Kerala
Ernakulam,Kerala
Handinimgaon,Unknown
Pollchi,Unknown
Nagarcoil Tirupur,Tamil Nadu
Anand,Gujarat
Surat,Gujarat
Nellore,Andhra Pradesh
Rajyapalam,Unknown
Andheri Mumbai,Maharashtra
Near Rameswaram,Unknown
Malkapur Buldhana,Unknown
Kandivali Mumbai,Maharashtra
Quilon,Unknown
Allepy,Unknown
Bhavnagar,Gujarat
Turuvekere,Karnataka
Mumbaiai,Maharashtra
Gandhi Nagar,Unknown
Bgm,Unknown
Pollachi,Tamil Nadu
Salem,Tamil Nadu
Dindi,Unknown
NRO Hyderabad,Telangana
Vile Parle Mum,Unknown
Idukki,Kerala
Agra,Uttar Pradesh
Manjeshwar,Unknown
Bhopal,Madhya Pradesh
Nasik,Maharashtra
,Unknown
Kattappana,Kerala
Kamshet,Unknown
AP,Unknown
Kotyam,Unknown
Kochi,Kerala
Navsari Guj,Gujarat
Yeranakulam,Unknown
Koilkod,Unknown
Jamnagar,Gujarat
Thrissur,Kerala
Hubli,Karnataka
Tuticorin,Unknown
Nr Rameshwaram,Unknown
Hoskote,Karnataka
Gulbarga,Karnataka
Badoda,Unknown
Panvel Mumbai,Maharashtra
Tamil Nadu,Unknown
Gannavaram Vwada,Unknown
Kothamangalam,Unknown
Penugonda,Unknown
Tiruchirapalli,Unknown
CMagaluru,Unknown
Colaba Mumbai,Maharashtra
Mumbai,Maharashtra
Tiruchangod,Unknown
Vadakara,Kerala
Tiruchengode,Unknown
Kolkatta,Unknown
Sambhaji Ngr,Unknown
Erakudi,Unknown
Mys,Unknown
Kochi,Kerala
Vishakapatnam,Unknown
Paramakudi,Tamil Nadu
Satara,Maharashtra
Laxmeshwar,Karnataka
Sulthan Bathery,Kerala
Chidambaram,Unknown
Alwaye,Unknown
Trivandrum,Kerala
Pathanamthitta,Kerala
Valsad,Gujarat
Koothattukulam,Kerala
Tiruviza,Unknown
Tirvandrum,Unknown
Khammam,Telangana
Mavelikara,Kerala
Thuravoor,Unknown
Panavel,Unknown
Karur Tamil Nadu,Unknown
Near Kochi,Kerala
Gudalur Nilgiris,Unknown
Thane,Maharashtra
Kolkata,Unknown
Gadhinglaj,Maharashtra
Yernakulam,Kerala
Delhi,Delhi
Sirsi Bluru,Karnataka
Nr Kochi,Kerala
Borivali Mumbai,Maharashtra
Cuddalore,Tamil Nadu
Weynad,Unknown
Kodumon Nr Adur,Unknown
Gwalior,Madhya Pradesh
Kottayam,Kerala
Aluva,Unknown
Vengurla,Unknown
Kankavli,Unknown
Trivandrum,Kerala
Vadagara,Unknown
Kodaikanal,Tamil Nadu
Rajapalyam,Unknown
Tiruchengodu,Unknown
Alappuzha,Kerala
Muvattupuza,Unknown
Ahmedabad,Gujarat
Kumbakonam,Tamil Nadu
Gandhi Ngr,Unknown
Trichy,Unknown
Erattupetta,Unknown
Pannani,Unknown
Blore,Unknown
Nagpur,Maharashtra
Chertala,Unknown
Nanminda,Unknown
Moodbidri,Karnataka
Kochi,Kerala
Kottyam,Unknown
Thanjavur,Tamil Nadu
Bluru,Unknown
SelemChennai,Tamil Nadu
Tirunelveli,Tamil Nadu
Talchery,Unknown
Egattur,Unknown
Kannur,Kerala
Girgaon Mumbai,Maharashtra
Malapuram,Unknown
Tidadi Nr Alleppy,Unknown
Neyveli,Tamil Nadu
Bardez Goa,Goa
Chikkamagalur,Karnataka
Payanur,Unknown
Vijayawada,Andhra Pradesh
Pudukotai,Unknown
Alawa,Unknown
Koratti,Unknown
Kodumudi,Kerala
Kollem,Unknown
Vadagera,Unknown
Pathanamthitta,Kerala
Pallickal,Unknown
Chembur Mumbai,Maharashtra
Allupuza,Unknown
Guruwayur,Unknown
Goregaon Mumbai,Maharashtra
Kozhikkode,Unknown
Vypin,Kerala
Eluru AP,Andhra Pradesh
Pondichery,Unknown
Panavel Mumbai,Maharashtra
Pudukottai,Tamil Nadu
Payyanur,Kerala
Madgaon Goa,Goa
Changangacherry,Unknown
Palghat,Unknown
Kalady,Unknown
Thalassewry,Unknown
Gudur,Unknown
Sulya,Karnataka
Bokaro Steel City,Jharkhand
Cal,Unknown
Indore,Madhya Pradesh
Selam,Unknown
Kelshi,Unknown
Alibag,Maharashtra
Roha,Unknown
Tiruvalla,Unknown
Lohegaon Pune,Maharashtra
Tirpur,Unknown
Pattambi Palakkad,Kerala
Dirba,Unknown
Pandalam,Unknown
Bichollim Goa,Goa
Vedaranyam,Unknown
Tanjavore,Unknown
Vardhari Tamil Nadu,Unknown
Muvattupuzha,Unknown
Vellore,Tamil Nadu
Kudal,Unknown
Vadakkekkra,Unknown
Kargil,Unknown
Vikarabad,Unknown
Hanuman Ghar,Unknown
Ponda Goa,Goa
Vittal Mluru,Karnataka
Calcutta,Unknown
Cumbum,Unknown
Kalasa Cmagalur,Karnataka
