date,sunrise_local,sunset_local,timezone
2026-01-01,06:59:27,18:11:27,Asia/Kolkata
2026-01-02,06:59:48,18:12:02,Asia/Kolkata
2026-01-03,07:00:09,18:12:37,Asia/Kolkata
2026-01-04,07:00:28,18:13:13,Asia/Kolkata
2026-01-05,07:00:47,18:13:48,Asia/Kolkata
2026-01-06,07:01:04,18:14:24,Asia/Kolkata
2026-01-07,07:01:21,18:15:00,Asia/Kolkata
2026-01-08,07:01:36,18:15:36,Asia/Kolkata
2026-01-09,07:01:51,18:16:12,Asia/Kolkata
2026-01-10,07:02:04,18:16:48,Asia/Kolkata
2026-01-11,07:02:16,18:17:24,Asia/Kolkata
2026-01-12,07:02:28,18:18:00,Asia/Kolkata
2026-01-13,07:02:38,18:18:36,Asia/Kolkata
2026-01-14,07:02:47,18:19:11,Asia/Kolkata
2026-01-15,07:02:54,18:19:47,Asia/Kolkata
2026-01-16,07:03:01,18:20:22,Asia/Kolkata
2026-01-17,07:03:06,18:20:57,Asia/Kolkata
2026-01-18,07:03:11,18:21:32,Asia/Kolkata
2026-01-19,07:03:14,18:22:07,Asia/Kolkata
2026-01-20,07:03:16,18:22:41,Asia/Kolkata
2026-01-21,07:03:17,18:23:15,Asia/Kolkata
2026-01-22,07:03:16,18:23:49,Asia/Kolkata
2026-01-23,07:03:15,18:24:22,Asia/Kolkata
2026-01-24,07:03:12,18:24:55,Asia/Kolkata
2026-01-25,07:03:08,18:25:28,Asia/Kolkata
2026-01-26,07:03:03,18:26:00,Asia/Kolkata
2026-01-27,07:02:57,18:26:31,Asia/Kolkata
2026-01-28,07:02:49,18:27:03,Asia/Kolkata
2026-01-29,07:02:41,18:27:33,Asia/Kolkata
2026-01-30,07:02:31,18:28:04,Asia/Kolkata
2026-01-31,07:02:20,18:28:33,Asia/Kolkata
2026-02-01,07:02:08,18:29:03,Asia/Kolkata
2026-02-02,07:01:55,18:29:31,Asia/Kolkata
2026-02-03,07:01:40,18:30:00,Asia/Kolkata
2026-02-04,07:01:25,18:30:27,Asia/Kolkata
2026-02-05,07:01:09,18:30:54,Asia/Kolkata
2026-02-06,07:00:51,18:31:21,Asia/Kolkata
2026-02-07,07:00:32,18:31:47,Asia/Kolkata
2026-02-08,07:00:13,18:32:12,Asia/Kolkata
2026-02-09,06:59:52,18:32:37,Asia/Kolkata
2026-02-10,06:59:30,18:33:02,Asia/Kolkata
2026-02-11,06:59:07,18:33:26,Asia/Kolkata
2026-02-12,06:58:43,18:33:49,Asia/Kolkata
2026-02-13,06:58:19,18:34:11,Asia/Kolkata
2026-02-14,06:57:53,18:34:34,Asia/Kolkata
2026-02-15,06:57:26,18:34:55,Asia/Kolkata
2026-02-16,06:56:59,18:35:16,Asia/Kolkata
2026-02-17,06:56:30,18:35:37,Asia/Kolkata
2026-02-18,06:56:01,18:35:57,Asia/Kolkata
2026-02-19,06:55:31,18:36:16,Asia/Kolkata
2026-02-20,06:55:00,18:36:35,Asia/Kolkata
2026-02-21,06:54:28,18:36:53,Asia/Kolkata
2026-02-22,06:53:55,18:37:11,Asia/Kolkata
2026-02-23,06:53:22,18:37:28,Asia/Kolkata
2026-02-24,06:52:48,18:37:45,Asia/Kolkata
2026-02-25,06:52:13,18:38:02,Asia/Kolkata
2026-02-26,06:51:37,18:38:17,Asia/Kolkata
2026-02-27,06:51:01,18:38:33,Asia/Kolkata
2026-02-28,06:50:24,18:38:48,Asia/Kolkata
2026-03-01,06:49:47,18:39:03,Asia/Kolkata
2026-03-02,06:49:09,18:39:17,Asia/Kolkata
2026-03-03,06:48:30,18:39:30,Asia/Kolkata
2026-03-04,06:47:51,18:39:44,Asia/Kolkata
2026-03-05,06:47:11,18:39:57,Asia/Kolkata
2026-03-06,06:46:31,18:40:10,Asia/Kolkata
2026-03-07,06:45:50,18:40:22,Asia/Kolkata
2026-03-08,06:45:09,18:40:34,Asia/Kolkata
2026-03-09,06:44:27,18:40:45,Asia/Kolkata
2026-03-10,06:43:45,18:40:57,Asia/Kolkata
2026-03-11,06:43:03,18:41:08,Asia/Kolkata
2026-03-12,06:42:20,18:41:19,Asia/Kolkata
2026-03-13,06:41:37,18:41:29,Asia/Kolkata
2026-03-14,06:40:54,18:41:40,Asia/Kolkata
2026-03-15,06:40:11,18:41:50,Asia/Kolkata
2026-03-16,06:39:27,18:42:00,Asia/Kolkata
2026-03-17,06:38:43,18:42:09,Asia/Kolkata
2026-03-18,06:37:58,18:42:19,Asia/Kolkata
2026-03-19,06:37:14,18:42:28,Asia/Kolkata
2026-03-20,06:36:29,18:42:37,Asia/Kolkata
2026-03-21,06:35:45,18:42:47,Asia/Kolkata
2026-03-22,06:35:00,18:42:56,Asia/Kolkata
2026-03-23,06:34:15,18:43:05,Asia/Kolkata
2026-03-24,06:33:30,18:43:13,Asia/Kolkata
2026-03-25,06:32:45,18:43:22,Asia/Kolkata
2026-03-26,06:32:00,18:43:31,Asia/Kolkata
2026-03-27,06:31:15,18:43:40,Asia/Kolkata
2026-03-28,06:30:30,18:43:48,Asia/Kolkata
2026-03-29,06:29:46,18:43:57,Asia/Kolkata
2026-03-30,06:29:01,18:44:06,Asia/Kolkata
2026-03-31,06:28:16,18:44:15,Asia/Kolkata
2026-04-01,06:27:32,18:44:23,Asia/Kolkata
2026-04-02,06:26:47,18:44:32,Asia/Kolkata
2026-04-03,06:26:03,18:44:41,Asia/Kolkata
2026-04-04,06:25:19,18:44:50,Asia/Kolkata
2026-04-05,06:24:36,18:45:00,Asia/Kolkata
2026-04-06,06:23:52,18:45:09,Asia/Kolkata
2026-04-07,06:23:09,18:45:18,Asia/Kolkata
2026-04-08,06:22:26,18:45:28,Asia/Kolkata
2026-04-09,06:21:44,18:45:37,Asia/Kolkata
2026-04-10,06:21:02,18:45:47,Asia/Kolkata
2026-04-11,06:20:20,18:45:57,Asia/Kolkata
2026-04-12,06:19:38,18:46:08,Asia/Kolkata
2026-04-13,06:18:57,18:46:18,Asia/Kolkata
2026-04-14,06:18:17,18:46:29,Asia/Kolkata
2026-04-15,06:17:37,18:46:40,Asia/Kolkata
2026-04-16,06:16:57,18:46:51,Asia/Kolkata
2026-04-17,06:16:18,18:47:02,Asia/Kolkata
2026-04-18,06:15:39,18:47:14,Asia/Kolkata
2026-04-19,06:15:01,18:47:25,Asia/Kolkata
2026-04-20,06:14:24,18:47:37,Asia/Kolkata
2026-04-21,06:13:47,18:47:50,Asia/Kolkata
2026-04-22,06:13:10,18:48:02,Asia/Kolkata
2026-04-23,06:12:34,18:48:15,Asia/Kolkata
2026-04-24,06:11:59,18:48:29,Asia/Kolkata
2026-04-25,06:11:25,18:48:42,Asia/Kolkata
2026-04-26,06:10:51,18:48:56,Asia/Kolkata
2026-04-27,06:10:18,18:49:10,Asia/Kolkata
2026-04-28,06:09:45,18:49:24,Asia/Kolkata
2026-04-29,06:09:14,18:49:39,Asia/Kolkata
2026-04-30,06:08:43,18:49:54,Asia/Kolkata
2026-05-01,06:08:12,18:50:09,Asia/Kolkata
2026-05-02,06:07:43,18:50:25,Asia/Kolkata
2026-05-03,06:07:14,18:50:40,Asia/Kolkata
2026-05-04,06:06:46,18:50:57,Asia/Kolkata
2026-05-05,06:06:19,18:51:13,Asia/Kolkata
2026-05-06,06:05:53,18:51:30,Asia/Kolkata
2026-05-07,06:05:28,18:51:47,Asia/Kolkata
2026-05-08,06:05:03,18:52:04,Asia/Kolkata
2026-05-09,06:04:39,18:52:22,Asia/Kolkata
2026-05-10,06:04:17,18:52:39,Asia/Kolkata
2026-05-11,06:03:55,18:52:58,Asia/Kolkata
2026-05-12,06:03:33,18:53:16,Asia/Kolkata
2026-05-13,06:03:13,18:53:34,Asia/Kolkata
2026-05-14,06:02:54,18:53:53,Asia/Kolkata
2026-05-15,06:02:36,18:54:12,Asia/Kolkata
2026-05-16,06:02:18,18:54:31,Asia/Kolkata
2026-05-17,06:02:02,18:54:51,Asia/Kolkata
2026-05-18,06:01:46,18:55:10,Asia/Kolkata
2026-05-19,06:01:32,18:55:30,Asia/Kolkata
2026-05-20,06:01:18,18:55:50,Asia/Kolkata
2026-05-21,06:01:05,18:56:10,Asia/Kolkata
2026-05-22,06:00:53,18:56:30,Asia/Kolkata
2026-05-23,06:00:42,18:56:51,Asia/Kolkata
2026-05-24,06:00:32,18:57:11,Asia/Kolkata
2026-05-25,06:00:23,18:57:31,Asia/Kolkata
2026-05-26,06:00:15,18:57:52,Asia/Kolkata
2026-05-27,06:00:08,18:58:12,Asia/Kolkata
2026-05-28,06:00:02,18:58:33,Asia/Kolkata
2026-05-29,05:59:57,18:58:53,Asia/Kolkata
2026-05-30,05:59:52,18:59:13,Asia/Kolkata
2026-05-31,05:59:49,18:59:34,Asia/Kolkata
2026-06-01,05:59:46,18:59:54,Asia/Kolkata
2026-06-02,05:59:45,19:00:14,Asia/Kolkata
2026-06-03,05:59:44,19:00:34,Asia/Kolkata
2026-06-04,05:59:44,19:00:54,Asia/Kolkata
2026-06-05,05:59:45,19:01:14,Asia/Kolkata
2026-06-06,05:59:47,19:01:33,Asia/Kolkata
2026-06-07,05:59:50,19:01:52,Asia/Kolkata
2026-06-08,05:59:53,19:02:11,Asia/Kolkata
2026-06-09,05:59:57,19:02:30,Asia/Kolkata
2026-06-10,06:00:03,19:02:48,Asia/Kolkata
2026-06-11,06:00:08,19:03:06,Asia/Kolkata
2026-06-12,06:00:15,19:03:24,Asia/Kolkata
2026-06-13,06:00:22,19:03:41,Asia/Kolkata
2026-06-14,06:00:31,19:03:58,Asia/Kolkata
2026-06-15,06:00:39,19:04:14,Asia/Kolkata
2026-06-16,06:00:49,19:04:30,Asia/Kolkata
2026-06-17,06:00:59,19:04:46,Asia/Kolkata
2026-06-18,06:01:10,19:05:00,Asia/Kolkata
2026-06-19,06:01:21,19:05:15,Asia/Kolkata
2026-06-20,06:01:33,19:05:29,Asia/Kolkata
2026-06-21,06:01:46,19:05:42,Asia/Kolkata
2026-06-22,06:01:59,19:05:54,Asia/Kolkata
2026-06-23,06:02:13,19:06:06,Asia/Kolkata
2026-06-24,06:02:27,19:06:18,Asia/Kolkata
2026-06-25,06:02:42,19:06:28,Asia/Kolkata
2026-06-26,06:02:57,19:06:38,Asia/Kolkata
2026-06-27,06:03:12,19:06:48,Asia/Kolkata
2026-06-28,06:03:28,19:06:56,Asia/Kolkata
2026-06-29,06:03:44,19:07:04,Asia/Kolkata
2026-06-30,06:04:01,19:07:11,Asia/Kolkata
2026-07-01,06:04:18,19:07:17,Asia/Kolkata
2026-07-02,06:04:35,19:07:22,Asia/Kolkata
2026-07-03,06:04:53,19:07:27,Asia/Kolkata
2026-07-04,06:05:11,19:07:30,Asia/Kolkata
2026-07-05,06:05:29,19:07:33,Asia/Kolkata
2026-07-06,06:05:47,19:07:35,Asia/Kolkata
2026-07-07,06:06:06,19:07:36,Asia/Kolkata
2026-07-08,06:06:24,19:07:36,Asia/Kolkata
2026-07-09,06:06:43,19:07:35,Asia/Kolkata
2026-07-10,06:07:02,19:07:33,Asia/Kolkata
2026-07-11,06:07:20,19:07:31,Asia/Kolkata
2026-07-12,06:07:39,19:07:27,Asia/Kolkata
2026-07-13,06:07:58,19:07:23,Asia/Kolkata
2026-07-14,06:08:17,19:07:17,Asia/Kolkata
2026-07-15,06:08:36,19:07:11,Asia/Kolkata
2026-07-16,06:08:55,19:07:03,Asia/Kolkata
2026-07-17,06:09:14,19:06:55,Asia/Kolkata
2026-07-18,06:09:33,19:06:45,Asia/Kolkata
2026-07-19,06:09:51,19:06:35,Asia/Kolkata
2026-07-20,06:10:10,19:06:24,Asia/Kolkata
2026-07-21,06:10:28,19:06:11,Asia/Kolkata
2026-07-22,06:10:46,19:05:58,Asia/Kolkata
2026-07-23,06:11:05,19:05:44,Asia/Kolkata
2026-07-24,06:11:22,19:05:28,Asia/Kolkata
2026-07-25,06:11:40,19:05:12,Asia/Kolkata
2026-07-26,06:11:58,19:04:55,Asia/Kolkata
2026-07-27,06:12:15,19:04:37,Asia/Kolkata
2026-07-28,06:12:32,19:04:18,Asia/Kolkata
2026-07-29,06:12:49,19:03:57,Asia/Kolkata
2026-07-30,06:13:05,19:03:36,Asia/Kolkata
2026-07-31,06:13:21,19:03:14,Asia/Kolkata
2026-08-01,06:13:37,19:02:52,Asia/Kolkata
2026-08-02,06:13:53,19:02:28,Asia/Kolkata
2026-08-03,06:14:08,19:02:03,Asia/Kolkata
2026-08-04,06:14:23,19:01:37,Asia/Kolkata
2026-08-05,06:14:38,19:01:11,Asia/Kolkata
2026-08-06,06:14:52,19:00:43,Asia/Kolkata
2026-08-07,06:15:06,19:00:15,Asia/Kolkata
2026-08-08,06:15:20,18:59:46,Asia/Kolkata
2026-08-09,06:15:34,18:59:16,Asia/Kolkata
2026-08-10,06:15:47,18:58:45,Asia/Kolkata
2026-08-11,06:15:59,18:58:14,Asia/Kolkata
2026-08-12,06:16:12,18:57:42,Asia/Kolkata
2026-08-13,06:16:24,18:57:08,Asia/Kolkata
2026-08-14,06:16:36,18:56:35,Asia/Kolkata
2026-08-15,06:16:47,18:56:00,Asia/Kolkata
2026-08-16,06:16:58,18:55:25,Asia/Kolkata
2026-08-17,06:17:09,18:54:49,Asia/Kolkata
2026-08-18,06:17:19,18:54:12,Asia/Kolkata
2026-08-19,06:17:30,18:53:34,Asia/Kolkata
2026-08-20,06:17:39,18:52:56,Asia/Kolkata
2026-08-21,06:17:49,18:52:18,Asia/Kolkata
2026-08-22,06:17:58,18:51:38,Asia/Kolkata
2026-08-23,06:18:07,18:50:58,Asia/Kolkata
2026-08-24,06:18:16,18:50:18,Asia/Kolkata
2026-08-25,06:18:24,18:49:37,Asia/Kolkata
2026-08-26,06:18:32,18:48:55,Asia/Kolkata
2026-08-27,06:18:40,18:48:13,Asia/Kolkata
2026-08-28,06:18:47,18:47:31,Asia/Kolkata
2026-08-29,06:18:55,18:46:48,Asia/Kolkata
2026-08-30,06:19:02,18:46:04,Asia/Kolkata
2026-08-31,06:19:09,18:45:20,Asia/Kolkata
2026-09-01,06:19:15,18:44:36,Asia/Kolkata
2026-09-02,06:19:22,18:43:51,Asia/Kolkata
2026-09-03,06:19:28,18:43:06,Asia/Kolkata
2026-09-04,06:19:34,18:42:21,Asia/Kolkata
2026-09-05,06:19:40,18:41:35,Asia/Kolkata
2026-09-06,06:19:46,18:40:49,Asia/Kolkata
2026-09-07,06:19:51,18:40:02,Asia/Kolkata
2026-09-08,06:19:57,18:39:16,Asia/Kolkata
2026-09-09,06:20:02,18:38:29,Asia/Kolkata
2026-09-10,06:20:08,18:37:42,Asia/Kolkata
2026-09-11,06:20:13,18:36:55,Asia/Kolkata
2026-09-12,06:20:18,18:36:07,Asia/Kolkata
2026-09-13,06:20:23,18:35:20,Asia/Kolkata
2026-09-14,06:20:28,18:34:32,Asia/Kolkata
2026-09-15,06:20:33,18:33:45,Asia/Kolkata
2026-09-16,06:20:38,18:32:57,Asia/Kolkata
2026-09-17,06:20:43,18:32:09,Asia/Kolkata
2026-09-18,06:20:48,18:31:21,Asia/Kolkata
2026-09-19,06:20:53,18:30:33,Asia/Kolkata
2026-09-20,06:20:58,18:29:45,Asia/Kolkata
2026-09-21,06:21:03,18:28:58,Asia/Kolkata
2026-09-22,06:21:09,18:28:10,Asia/Kolkata
2026-09-23,06:21:14,18:27:22,Asia/Kolkata
2026-09-24,06:21:19,18:26:35,Asia/Kolkata
2026-09-25,06:21:25,18:25:47,Asia/Kolkata
2026-09-26,06:21:31,18:25:00,Asia/Kolkata
2026-09-27,06:21:37,18:24:13,Asia/Kolkata
2026-09-28,06:21:43,18:23:26,Asia/Kolkata
2026-09-29,06:21:49,18:22:40,Asia/Kolkata
2026-09-30,06:21:56,18:21:53,Asia/Kolkata
2026-10-01,06:22:02,18:21:07,Asia/Kolkata
2026-10-02,06:22:09,18:20:22,Asia/Kolkata
2026-10-03,06:22:17,18:19:36,Asia/Kolkata
2026-10-04,06:22:24,18:18:51,Asia/Kolkata
2026-10-05,06:22:32,18:18:07,Asia/Kolkata
2026-10-06,06:22:40,18:17:23,Asia/Kolkata
2026-10-07,06:22:49,18:16:39,Asia/Kolkata
2026-10-08,06:22:58,18:15:56,Asia/Kolkata
2026-10-09,06:23:07,18:15:13,Asia/Kolkata
2026-10-10,06:23:16,18:14:31,Asia/Kolkata
2026-10-11,06:23:26,18:13:49,Asia/Kolkata
2026-10-12,06:23:37,18:13:08,Asia/Kolkata
2026-10-13,06:23:47,18:12:27,Asia/Kolkata
2026-10-14,06:23:59,18:11:47,Asia/Kolkata
2026-10-15,06:24:10,18:11:08,Asia/Kolkata
2026-10-16,06:24:22,18:10:29,Asia/Kolkata
2026-10-17,06:24:35,18:09:51,Asia/Kolkata
2026-10-18,06:24:48,18:09:14,Asia/Kolkata
2026-10-19,06:25:02,18:08:37,Asia/Kolkata
2026-10-20,06:25:16,18:08:02,Asia/Kolkata
2026-10-21,06:25:30,18:07:27,Asia/Kolkata
2026-10-22,06:25:46,18:06:52,Asia/Kolkata
2026-10-23,06:26:01,18:06:19,Asia/Kolkata
2026-10-24,06:26:18,18:05:46,Asia/Kolkata
2026-10-25,06:26:34,18:05:15,Asia/Kolkata
2026-10-26,06:26:52,18:04:44,Asia/Kolkata
2026-10-27,06:27:10,18:04:14,Asia/Kolkata
2026-10-28,06:27:28,18:03:45,Asia/Kolkata
2026-10-29,06:27:47,18:03:17,Asia/Kolkata
2026-10-30,06:28:07,18:02:50,Asia/Kolkata
2026-10-31,06:28:27,18:02:24,Asia/Kolkata
2026-11-01,06:28:48,18:01:59,Asia/Kolkata
2026-11-02,06:29:10,18:01:36,Asia/Kolkata
2026-11-03,06:29:32,18:01:13,Asia/Kolkata
2026-11-04,06:29:54,18:00:51,Asia/Kolkata
2026-11-05,06:30:18,18:00:30,Asia/Kolkata
2026-11-06,06:30:41,18:00:10,Asia/Kolkata
2026-11-07,06:31:06,17:59:52,Asia/Kolkata
2026-11-08,06:31:31,17:59:35,Asia/Kolkata
2026-11-09,06:31:57,17:59:18,Asia/Kolkata
2026-11-10,06:32:23,17:59:03,Asia/Kolkata
2026-11-11,06:32:49,17:58:49,Asia/Kolkata
2026-11-12,06:33:17,17:58:36,Asia/Kolkata
2026-11-13,06:33:45,17:58:25,Asia/Kolkata
2026-11-14,06:34:13,17:58:14,Asia/Kolkata
2026-11-15,06:34:42,17:58:05,Asia/Kolkata
2026-11-16,06:35:11,17:57:57,Asia/Kolkata
2026-11-17,06:35:41,17:57:51,Asia/Kolkata
2026-11-18,06:36:11,17:57:45,Asia/Kolkata
2026-11-19,06:36:42,17:57:41,Asia/Kolkata
2026-11-20,06:37:14,17:57:37,Asia/Kolkata
2026-11-21,06:37:45,17:57:36,Asia/Kolkata
2026-11-22,06:38:17,17:57:35,Asia/Kolkata
2026-11-23,06:38:50,17:57:35,Asia/Kolkata
2026-11-24,06:39:22,17:57:37,Asia/Kolkata
2026-11-25,06:39:55,17:57:40,Asia/Kolkata
2026-11-26,06:40:29,17:57:44,Asia/Kolkata
2026-11-27,06:41:03,17:57:50,Asia/Kolkata
2026-11-28,06:41:36,17:57:56,Asia/Kolkata
2026-11-29,06:42:11,17:58:04,Asia/Kolkata
2026-11-30,06:42:45,17:58:13,Asia/Kolkata
2026-12-01,06:43:19,17:58:23,Asia/Kolkata
2026-12-02,06:43:54,17:58:34,Asia/Kolkata
2026-12-03,06:44:29,17:58:46,Asia/Kolkata
2026-12-04,06:45:03,17:59:00,Asia/Kolkata
2026-12-05,06:45:38,17:59:14,Asia/Kolkata
2026-12-06,06:46:13,17:59:30,Asia/Kolkata
2026-12-07,06:46:48,17:59:47,Asia/Kolkata
2026-12-08,06:47:22,18:00:05,Asia/Kolkata
2026-12-09,06:47:57,18:00:23,Asia/Kolkata
2026-12-10,06:48:31,18:00:43,Asia/Kolkata
2026-12-11,06:49:06,18:01:04,Asia/Kolkata
2026-12-12,06:49:40,18:01:26,Asia/Kolkata
2026-12-13,06:50:13,18:01:49,Asia/Kolkata
2026-12-14,06:50:47,18:02:12,Asia/Kolkata
2026-12-15,06:51:20,18:02:37,Asia/Kolkata
2026-12-16,06:51:53,18:03:02,Asia/Kolkata
2026-12-17,06:52:25,18:03:28,Asia/Kolkata
2026-12-18,06:52:57,18:03:55,Asia/Kolkata
2026-12-19,06:53:29,18:04:23,Asia/Kolkata
2026-12-20,06:54:00,18:04:51,Asia/Kolkata
2026-12-21,06:54:30,18:05:21,Asia/Kolkata
2026-12-22,06:55:00,18:05:50,Asia/Kolkata
2026-12-23,06:55:30,18:06:21,Asia/Kolkata
2026-12-24,06:55:58,18:06:52,Asia/Kolkata
2026-12-25,06:56:26,18:07:24,Asia/Kolkata
2026-12-26,06:56:54,18:07:56,Asia/Kolkata
2026-12-27,06:57:20,18:08:29,Asia/Kolkata
2026-12-28,06:57:46,18:09:02,Asia/Kolkata
2026-12-29,06:58:11,18:09:35,Asia/Kolkata
2026-12-30,06:58:35,18:10:09,Asia/Kolkata
2026-12-31,06:58:59,18:10:44,Asia/Kolkata
